Vbat ,Vbias30b:p (Vbat=9.00e-01,temp=-4.00e+01) (A),Vbias30b:p (Vbat=9.00e-01,temp=-3.50e+01) (A),Vbias30b:p (Vbat=9.00e-01,temp=-3.00e+01) (A),Vbias30b:p (Vbat=9.00e-01,temp=-2.50e+01) (A),Vbias30b:p (Vbat=9.00e-01,temp=-2.00e+01) (A),Vbias30b:p (Vbat=9.00e-01,temp=-1.50e+01) (A),Vbias30b:p (Vbat=9.00e-01,temp=-1.00e+01) (A),Vbias30b:p (Vbat=9.00e-01,temp=-5.00e+00) (A),Vbias30b:p (Vbat=9.00e-01,temp=0.00e+00) (A),Vbias30b:p (Vbat=9.00e-01,temp=5.00e+00) (A),Vbias30b:p (Vbat=9.00e-01,temp=1.00e+01) (A),Vbias30b:p (Vbat=9.00e-01,temp=1.50e+01) (A),Vbias30b:p (Vbat=9.00e-01,temp=2.00e+01) (A),Vbias30b:p (Vbat=9.00e-01,temp=2.50e+01) (A),Vbias30b:p (Vbat=9.00e-01,temp=3.00e+01) (A),Vbias30b:p (Vbat=9.00e-01,temp=3.50e+01) (A),Vbias30b:p (Vbat=9.00e-01,temp=4.00e+01) (A),Vbias30b:p (Vbat=9.00e-01,temp=4.50e+01) (A),Vbias30b:p (Vbat=9.00e-01,temp=5.00e+01) (A),Vbias30b:p (Vbat=9.00e-01,temp=5.50e+01) (A),Vbias30b:p (Vbat=9.00e-01,temp=6.00e+01) (A),Vbias30b:p (Vbat=9.00e-01,temp=6.50e+01) (A),Vbias30b:p (Vbat=9.00e-01,temp=7.00e+01) (A),Vbias30b:p (Vbat=9.00e-01,temp=7.50e+01) (A),Vbias30b:p (Vbat=9.00e-01,temp=8.00e+01) (A),Vbias30b:p (Vbat=9.00e-01,temp=8.50e+01) (A),Vbias30b:p (Vbat=1.00e+00,temp=-4.00e+01) (A),Vbias30b:p (Vbat=1.00e+00,temp=-3.50e+01) (A),Vbias30b:p (Vbat=1.00e+00,temp=-3.00e+01) (A),Vbias30b:p (Vbat=1.00e+00,temp=-2.50e+01) (A),Vbias30b:p (Vbat=1.00e+00,temp=-2.00e+01) (A),Vbias30b:p (Vbat=1.00e+00,temp=-1.50e+01) (A),Vbias30b:p (Vbat=1.00e+00,temp=-1.00e+01) (A),Vbias30b:p (Vbat=1.00e+00,temp=-5.00e+00) (A),Vbias30b:p (Vbat=1.00e+00,temp=0.00e+00) (A),Vbias30b:p (Vbat=1.00e+00,temp=5.00e+00) (A),Vbias30b:p (Vbat=1.00e+00,temp=1.00e+01) (A),Vbias30b:p (Vbat=1.00e+00,temp=1.50e+01) (A),Vbias30b:p (Vbat=1.00e+00,temp=2.00e+01) (A),Vbias30b:p (Vbat=1.00e+00,temp=2.50e+01) (A),Vbias30b:p (Vbat=1.00e+00,temp=3.00e+01) (A),Vbias30b:p (Vbat=1.00e+00,temp=3.50e+01) (A),Vbias30b:p (Vbat=1.00e+00,temp=4.00e+01) (A),Vbias30b:p (Vbat=1.00e+00,temp=4.50e+01) (A),Vbias30b:p (Vbat=1.00e+00,temp=5.00e+01) (A),Vbias30b:p (Vbat=1.00e+00,temp=5.50e+01) (A),Vbias30b:p (Vbat=1.00e+00,temp=6.00e+01) (A),Vbias30b:p (Vbat=1.00e+00,temp=6.50e+01) (A),Vbias30b:p (Vbat=1.00e+00,temp=7.00e+01) (A),Vbias30b:p (Vbat=1.00e+00,temp=7.50e+01) (A),Vbias30b:p (Vbat=1.00e+00,temp=8.00e+01) (A),Vbias30b:p (Vbat=1.00e+00,temp=8.50e+01) (A),Vbias30b:p (Vbat=1.10e+00,temp=-4.00e+01) (A),Vbias30b:p (Vbat=1.10e+00,temp=-3.50e+01) (A),Vbias30b:p (Vbat=1.10e+00,temp=-3.00e+01) (A),Vbias30b:p (Vbat=1.10e+00,temp=-2.50e+01) (A),Vbias30b:p (Vbat=1.10e+00,temp=-2.00e+01) (A),Vbias30b:p (Vbat=1.10e+00,temp=-1.50e+01) (A),Vbias30b:p (Vbat=1.10e+00,temp=-1.00e+01) (A),Vbias30b:p (Vbat=1.10e+00,temp=-5.00e+00) (A),Vbias30b:p (Vbat=1.10e+00,temp=0.00e+00) (A),Vbias30b:p (Vbat=1.10e+00,temp=5.00e+00) (A),Vbias30b:p (Vbat=1.10e+00,temp=1.00e+01) (A),Vbias30b:p (Vbat=1.10e+00,temp=1.50e+01) (A),Vbias30b:p (Vbat=1.10e+00,temp=2.00e+01) (A),Vbias30b:p (Vbat=1.10e+00,temp=2.50e+01) (A),Vbias30b:p (Vbat=1.10e+00,temp=3.00e+01) (A),Vbias30b:p (Vbat=1.10e+00,temp=3.50e+01) (A),Vbias30b:p (Vbat=1.10e+00,temp=4.00e+01) (A),Vbias30b:p (Vbat=1.10e+00,temp=4.50e+01) (A),Vbias30b:p (Vbat=1.10e+00,temp=5.00e+01) (A),Vbias30b:p (Vbat=1.10e+00,temp=5.50e+01) (A),Vbias30b:p (Vbat=1.10e+00,temp=6.00e+01) (A),Vbias30b:p (Vbat=1.10e+00,temp=6.50e+01) (A),Vbias30b:p (Vbat=1.10e+00,temp=7.00e+01) (A),Vbias30b:p (Vbat=1.10e+00,temp=7.50e+01) (A),Vbias30b:p (Vbat=1.10e+00,temp=8.00e+01) (A),Vbias30b:p (Vbat=1.10e+00,temp=8.50e+01) (A),Vbias30b:p (Vbat=1.20e+00,temp=-4.00e+01) (A),Vbias30b:p (Vbat=1.20e+00,temp=-3.50e+01) (A),Vbias30b:p (Vbat=1.20e+00,temp=-3.00e+01) (A),Vbias30b:p (Vbat=1.20e+00,temp=-2.50e+01) (A),Vbias30b:p (Vbat=1.20e+00,temp=-2.00e+01) (A),Vbias30b:p (Vbat=1.20e+00,temp=-1.50e+01) (A),Vbias30b:p (Vbat=1.20e+00,temp=-1.00e+01) (A),Vbias30b:p (Vbat=1.20e+00,temp=-5.00e+00) (A),Vbias30b:p (Vbat=1.20e+00,temp=0.00e+00) (A),Vbias30b:p (Vbat=1.20e+00,temp=5.00e+00) (A),Vbias30b:p (Vbat=1.20e+00,temp=1.00e+01) (A),Vbias30b:p (Vbat=1.20e+00,temp=1.50e+01) (A),Vbias30b:p (Vbat=1.20e+00,temp=2.00e+01) (A),Vbias30b:p (Vbat=1.20e+00,temp=2.50e+01) (A),Vbias30b:p (Vbat=1.20e+00,temp=3.00e+01) (A),Vbias30b:p (Vbat=1.20e+00,temp=3.50e+01) (A),Vbias30b:p (Vbat=1.20e+00,temp=4.00e+01) (A),Vbias30b:p (Vbat=1.20e+00,temp=4.50e+01) (A),Vbias30b:p (Vbat=1.20e+00,temp=5.00e+01) (A),Vbias30b:p (Vbat=1.20e+00,temp=5.50e+01) (A),Vbias30b:p (Vbat=1.20e+00,temp=6.00e+01) (A),Vbias30b:p (Vbat=1.20e+00,temp=6.50e+01) (A),Vbias30b:p (Vbat=1.20e+00,temp=7.00e+01) (A),Vbias30b:p (Vbat=1.20e+00,temp=7.50e+01) (A),Vbias30b:p (Vbat=1.20e+00,temp=8.00e+01) (A),Vbias30b:p (Vbat=1.20e+00,temp=8.50e+01) (A),Vbias30b:p (Vbat=1.30e+00,temp=-4.00e+01) (A),Vbias30b:p (Vbat=1.30e+00,temp=-3.50e+01) (A),Vbias30b:p (Vbat=1.30e+00,temp=-3.00e+01) (A),Vbias30b:p (Vbat=1.30e+00,temp=-2.50e+01) (A),Vbias30b:p (Vbat=1.30e+00,temp=-2.00e+01) (A),Vbias30b:p (Vbat=1.30e+00,temp=-1.50e+01) (A),Vbias30b:p (Vbat=1.30e+00,temp=-1.00e+01) (A),Vbias30b:p (Vbat=1.30e+00,temp=-5.00e+00) (A),Vbias30b:p (Vbat=1.30e+00,temp=0.00e+00) (A),Vbias30b:p (Vbat=1.30e+00,temp=5.00e+00) (A),Vbias30b:p (Vbat=1.30e+00,temp=1.00e+01) (A),Vbias30b:p (Vbat=1.30e+00,temp=1.50e+01) (A),Vbias30b:p (Vbat=1.30e+00,temp=2.00e+01) (A),Vbias30b:p (Vbat=1.30e+00,temp=2.50e+01) (A),Vbias30b:p (Vbat=1.30e+00,temp=3.00e+01) (A),Vbias30b:p (Vbat=1.30e+00,temp=3.50e+01) (A),Vbias30b:p (Vbat=1.30e+00,temp=4.00e+01) (A),Vbias30b:p (Vbat=1.30e+00,temp=4.50e+01) (A),Vbias30b:p (Vbat=1.30e+00,temp=5.00e+01) (A),Vbias30b:p (Vbat=1.30e+00,temp=5.50e+01) (A),Vbias30b:p (Vbat=1.30e+00,temp=6.00e+01) (A),Vbias30b:p (Vbat=1.30e+00,temp=6.50e+01) (A),Vbias30b:p (Vbat=1.30e+00,temp=7.00e+01) (A),Vbias30b:p (Vbat=1.30e+00,temp=7.50e+01) (A),Vbias30b:p (Vbat=1.30e+00,temp=8.00e+01) (A),Vbias30b:p (Vbat=1.30e+00,temp=8.50e+01) (A),Vbias30b:p (Vbat=1.40e+00,temp=-4.00e+01) (A),Vbias30b:p (Vbat=1.40e+00,temp=-3.50e+01) (A),Vbias30b:p (Vbat=1.40e+00,temp=-3.00e+01) (A),Vbias30b:p (Vbat=1.40e+00,temp=-2.50e+01) (A),Vbias30b:p (Vbat=1.40e+00,temp=-2.00e+01) (A),Vbias30b:p (Vbat=1.40e+00,temp=-1.50e+01) (A),Vbias30b:p (Vbat=1.40e+00,temp=-1.00e+01) (A),Vbias30b:p (Vbat=1.40e+00,temp=-5.00e+00) (A),Vbias30b:p (Vbat=1.40e+00,temp=0.00e+00) (A),Vbias30b:p (Vbat=1.40e+00,temp=5.00e+00) (A),Vbias30b:p (Vbat=1.40e+00,temp=1.00e+01) (A),Vbias30b:p (Vbat=1.40e+00,temp=1.50e+01) (A),Vbias30b:p (Vbat=1.40e+00,temp=2.00e+01) (A),Vbias30b:p (Vbat=1.40e+00,temp=2.50e+01) (A),Vbias30b:p (Vbat=1.40e+00,temp=3.00e+01) (A),Vbias30b:p (Vbat=1.40e+00,temp=3.50e+01) (A),Vbias30b:p (Vbat=1.40e+00,temp=4.00e+01) (A),Vbias30b:p (Vbat=1.40e+00,temp=4.50e+01) (A),Vbias30b:p (Vbat=1.40e+00,temp=5.00e+01) (A),Vbias30b:p (Vbat=1.40e+00,temp=5.50e+01) (A),Vbias30b:p (Vbat=1.40e+00,temp=6.00e+01) (A),Vbias30b:p (Vbat=1.40e+00,temp=6.50e+01) (A),Vbias30b:p (Vbat=1.40e+00,temp=7.00e+01) (A),Vbias30b:p (Vbat=1.40e+00,temp=7.50e+01) (A),Vbias30b:p (Vbat=1.40e+00,temp=8.00e+01) (A),Vbias30b:p (Vbat=1.40e+00,temp=8.50e+01) (A),Vbias30b:p (Vbat=1.50e+00,temp=-4.00e+01) (A),Vbias30b:p (Vbat=1.50e+00,temp=-3.50e+01) (A),Vbias30b:p (Vbat=1.50e+00,temp=-3.00e+01) (A),Vbias30b:p (Vbat=1.50e+00,temp=-2.50e+01) (A),Vbias30b:p (Vbat=1.50e+00,temp=-2.00e+01) (A),Vbias30b:p (Vbat=1.50e+00,temp=-1.50e+01) (A),Vbias30b:p (Vbat=1.50e+00,temp=-1.00e+01) (A),Vbias30b:p (Vbat=1.50e+00,temp=-5.00e+00) (A),Vbias30b:p (Vbat=1.50e+00,temp=0.00e+00) (A),Vbias30b:p (Vbat=1.50e+00,temp=5.00e+00) (A),Vbias30b:p (Vbat=1.50e+00,temp=1.00e+01) (A),Vbias30b:p (Vbat=1.50e+00,temp=1.50e+01) (A),Vbias30b:p (Vbat=1.50e+00,temp=2.00e+01) (A),Vbias30b:p (Vbat=1.50e+00,temp=2.50e+01) (A),Vbias30b:p (Vbat=1.50e+00,temp=3.00e+01) (A),Vbias30b:p (Vbat=1.50e+00,temp=3.50e+01) (A),Vbias30b:p (Vbat=1.50e+00,temp=4.00e+01) (A),Vbias30b:p (Vbat=1.50e+00,temp=4.50e+01) (A),Vbias30b:p (Vbat=1.50e+00,temp=5.00e+01) (A),Vbias30b:p (Vbat=1.50e+00,temp=5.50e+01) (A),Vbias30b:p (Vbat=1.50e+00,temp=6.00e+01) (A),Vbias30b:p (Vbat=1.50e+00,temp=6.50e+01) (A),Vbias30b:p (Vbat=1.50e+00,temp=7.00e+01) (A),Vbias30b:p (Vbat=1.50e+00,temp=7.50e+01) (A),Vbias30b:p (Vbat=1.50e+00,temp=8.00e+01) (A),Vbias30b:p (Vbat=1.50e+00,temp=8.50e+01) (A),Vbias30b:p (Vbat=1.60e+00,temp=-4.00e+01) (A),Vbias30b:p (Vbat=1.60e+00,temp=-3.50e+01) (A),Vbias30b:p (Vbat=1.60e+00,temp=-3.00e+01) (A),Vbias30b:p (Vbat=1.60e+00,temp=-2.50e+01) (A),Vbias30b:p (Vbat=1.60e+00,temp=-2.00e+01) (A),Vbias30b:p (Vbat=1.60e+00,temp=-1.50e+01) (A),Vbias30b:p (Vbat=1.60e+00,temp=-1.00e+01) (A),Vbias30b:p (Vbat=1.60e+00,temp=-5.00e+00) (A),Vbias30b:p (Vbat=1.60e+00,temp=0.00e+00) (A),Vbias30b:p (Vbat=1.60e+00,temp=5.00e+00) (A),Vbias30b:p (Vbat=1.60e+00,temp=1.00e+01) (A),Vbias30b:p (Vbat=1.60e+00,temp=1.50e+01) (A),Vbias30b:p (Vbat=1.60e+00,temp=2.00e+01) (A),Vbias30b:p (Vbat=1.60e+00,temp=2.50e+01) (A),Vbias30b:p (Vbat=1.60e+00,temp=3.00e+01) (A),Vbias30b:p (Vbat=1.60e+00,temp=3.50e+01) (A),Vbias30b:p (Vbat=1.60e+00,temp=4.00e+01) (A),Vbias30b:p (Vbat=1.60e+00,temp=4.50e+01) (A),Vbias30b:p (Vbat=1.60e+00,temp=5.00e+01) (A),Vbias30b:p (Vbat=1.60e+00,temp=5.50e+01) (A),Vbias30b:p (Vbat=1.60e+00,temp=6.00e+01) (A),Vbias30b:p (Vbat=1.60e+00,temp=6.50e+01) (A),Vbias30b:p (Vbat=1.60e+00,temp=7.00e+01) (A),Vbias30b:p (Vbat=1.60e+00,temp=7.50e+01) (A),Vbias30b:p (Vbat=1.60e+00,temp=8.00e+01) (A),Vbias30b:p (Vbat=1.60e+00,temp=8.50e+01) (A)
900.0E-3,-13.34E-6,-13.27E-6,-13.19E-6,-13.11E-6,-13.02E-6,-12.92E-6,-12.83E-6,-12.72E-6,-12.62E-6,-12.51E-6,-12.40E-6,-12.29E-6,-12.17E-6,-12.06E-6,-11.95E-6,-11.84E-6,-11.73E-6,-11.62E-6,-11.51E-6,-11.40E-6,-11.30E-6,-11.19E-6,-11.09E-6,-10.98E-6,-10.88E-6,-10.78E-6,-13.34E-6,-13.27E-6,-13.19E-6,-13.11E-6,-13.02E-6,-12.92E-6,-12.83E-6,-12.72E-6,-12.62E-6,-12.51E-6,-12.40E-6,-12.29E-6,-12.17E-6,-12.06E-6,-11.95E-6,-11.84E-6,-11.73E-6,-11.62E-6,-11.51E-6,-11.40E-6,-11.30E-6,-11.19E-6,-11.09E-6,-10.98E-6,-10.88E-6,-10.78E-6,-13.34E-6,-13.27E-6,-13.19E-6,-13.11E-6,-13.02E-6,-12.92E-6,-12.83E-6,-12.72E-6,-12.62E-6,-12.51E-6,-12.40E-6,-12.29E-6,-12.17E-6,-12.06E-6,-11.95E-6,-11.84E-6,-11.73E-6,-11.62E-6,-11.51E-6,-11.40E-6,-11.30E-6,-11.19E-6,-11.09E-6,-10.98E-6,-10.88E-6,-10.78E-6,-13.34E-6,-13.27E-6,-13.19E-6,-13.11E-6,-13.02E-6,-12.92E-6,-12.83E-6,-12.72E-6,-12.62E-6,-12.51E-6,-12.40E-6,-12.29E-6,-12.17E-6,-12.06E-6,-11.95E-6,-11.84E-6,-11.73E-6,-11.62E-6,-11.51E-6,-11.40E-6,-11.30E-6,-11.19E-6,-11.09E-6,-10.98E-6,-10.88E-6,-10.78E-6,-13.34E-6,-13.27E-6,-13.19E-6,-13.11E-6,-13.02E-6,-12.92E-6,-12.83E-6,-12.72E-6,-12.62E-6,-12.51E-6,-12.40E-6,-12.29E-6,-12.17E-6,-12.06E-6,-11.95E-6,-11.84E-6,-11.73E-6,-11.62E-6,-11.51E-6,-11.40E-6,-11.30E-6,-11.19E-6,-11.09E-6,-10.98E-6,-10.88E-6,-10.78E-6,-13.34E-6,-13.27E-6,-13.19E-6,-13.11E-6,-13.02E-6,-12.92E-6,-12.83E-6,-12.72E-6,-12.62E-6,-12.51E-6,-12.40E-6,-12.29E-6,-12.17E-6,-12.06E-6,-11.95E-6,-11.84E-6,-11.73E-6,-11.62E-6,-11.51E-6,-11.40E-6,-11.30E-6,-11.19E-6,-11.09E-6,-10.98E-6,-10.88E-6,-10.78E-6,-13.34E-6,-13.27E-6,-13.19E-6,-13.11E-6,-13.02E-6,-12.92E-6,-12.83E-6,-12.72E-6,-12.62E-6,-12.51E-6,-12.40E-6,-12.29E-6,-12.17E-6,-12.06E-6,-11.95E-6,-11.84E-6,-11.73E-6,-11.62E-6,-11.51E-6,-11.40E-6,-11.30E-6,-11.19E-6,-11.09E-6,-10.98E-6,-10.88E-6,-10.78E-6,-13.34E-6,-13.27E-6,-13.19E-6,-13.11E-6,-13.02E-6,-12.92E-6,-12.83E-6,-12.72E-6,-12.62E-6,-12.51E-6,-12.40E-6,-12.29E-6,-12.17E-6,-12.06E-6,-11.95E-6,-11.84E-6,-11.73E-6,-11.62E-6,-11.51E-6,-11.40E-6,-11.30E-6,-11.19E-6,-11.09E-6,-10.98E-6,-10.88E-6,-10.78E-6
950.0E-3,-14.11E-6,-14.04E-6,-13.96E-6,-13.87E-6,-13.78E-6,-13.68E-6,-13.57E-6,-13.46E-6,-13.35E-6,-13.24E-6,-13.12E-6,-13.01E-6,-12.89E-6,-12.77E-6,-12.65E-6,-12.54E-6,-12.42E-6,-12.30E-6,-12.19E-6,-12.07E-6,-11.96E-6,-11.85E-6,-11.74E-6,-11.63E-6,-11.52E-6,-11.41E-6,-14.11E-6,-14.04E-6,-13.96E-6,-13.87E-6,-13.78E-6,-13.68E-6,-13.57E-6,-13.46E-6,-13.35E-6,-13.24E-6,-13.12E-6,-13.01E-6,-12.89E-6,-12.77E-6,-12.65E-6,-12.54E-6,-12.42E-6,-12.30E-6,-12.19E-6,-12.07E-6,-11.96E-6,-11.85E-6,-11.74E-6,-11.63E-6,-11.52E-6,-11.41E-6,-14.11E-6,-14.04E-6,-13.96E-6,-13.87E-6,-13.78E-6,-13.68E-6,-13.57E-6,-13.46E-6,-13.35E-6,-13.24E-6,-13.12E-6,-13.01E-6,-12.89E-6,-12.77E-6,-12.65E-6,-12.54E-6,-12.42E-6,-12.30E-6,-12.19E-6,-12.07E-6,-11.96E-6,-11.85E-6,-11.74E-6,-11.63E-6,-11.52E-6,-11.41E-6,-14.11E-6,-14.04E-6,-13.96E-6,-13.87E-6,-13.78E-6,-13.68E-6,-13.57E-6,-13.46E-6,-13.35E-6,-13.24E-6,-13.12E-6,-13.01E-6,-12.89E-6,-12.77E-6,-12.65E-6,-12.54E-6,-12.42E-6,-12.30E-6,-12.19E-6,-12.07E-6,-11.96E-6,-11.85E-6,-11.74E-6,-11.63E-6,-11.52E-6,-11.41E-6,-14.11E-6,-14.04E-6,-13.96E-6,-13.87E-6,-13.78E-6,-13.68E-6,-13.57E-6,-13.46E-6,-13.35E-6,-13.24E-6,-13.12E-6,-13.01E-6,-12.89E-6,-12.77E-6,-12.65E-6,-12.54E-6,-12.42E-6,-12.30E-6,-12.19E-6,-12.07E-6,-11.96E-6,-11.85E-6,-11.74E-6,-11.63E-6,-11.52E-6,-11.41E-6,-14.11E-6,-14.04E-6,-13.96E-6,-13.87E-6,-13.78E-6,-13.68E-6,-13.57E-6,-13.46E-6,-13.35E-6,-13.24E-6,-13.12E-6,-13.01E-6,-12.89E-6,-12.77E-6,-12.65E-6,-12.54E-6,-12.42E-6,-12.30E-6,-12.19E-6,-12.07E-6,-11.96E-6,-11.85E-6,-11.74E-6,-11.63E-6,-11.52E-6,-11.41E-6,-14.11E-6,-14.04E-6,-13.96E-6,-13.87E-6,-13.78E-6,-13.68E-6,-13.57E-6,-13.46E-6,-13.35E-6,-13.24E-6,-13.12E-6,-13.01E-6,-12.89E-6,-12.77E-6,-12.65E-6,-12.54E-6,-12.42E-6,-12.30E-6,-12.19E-6,-12.07E-6,-11.96E-6,-11.85E-6,-11.74E-6,-11.63E-6,-11.52E-6,-11.41E-6,-14.11E-6,-14.04E-6,-13.96E-6,-13.87E-6,-13.78E-6,-13.68E-6,-13.57E-6,-13.46E-6,-13.35E-6,-13.24E-6,-13.12E-6,-13.01E-6,-12.89E-6,-12.77E-6,-12.65E-6,-12.54E-6,-12.42E-6,-12.30E-6,-12.19E-6,-12.07E-6,-11.96E-6,-11.85E-6,-11.74E-6,-11.63E-6,-11.52E-6,-11.41E-6
1.000,-14.87E-6,-14.80E-6,-14.71E-6,-14.62E-6,-14.52E-6,-14.42E-6,-14.31E-6,-14.20E-6,-14.08E-6,-13.96E-6,-13.84E-6,-13.72E-6,-13.59E-6,-13.47E-6,-13.35E-6,-13.22E-6,-13.10E-6,-12.98E-6,-12.85E-6,-12.73E-6,-12.61E-6,-12.50E-6,-12.38E-6,-12.26E-6,-12.15E-6,-12.04E-6,-14.87E-6,-14.80E-6,-14.71E-6,-14.62E-6,-14.52E-6,-14.42E-6,-14.31E-6,-14.20E-6,-14.08E-6,-13.96E-6,-13.84E-6,-13.72E-6,-13.59E-6,-13.47E-6,-13.35E-6,-13.22E-6,-13.10E-6,-12.98E-6,-12.85E-6,-12.73E-6,-12.61E-6,-12.50E-6,-12.38E-6,-12.26E-6,-12.15E-6,-12.04E-6,-14.87E-6,-14.80E-6,-14.71E-6,-14.62E-6,-14.52E-6,-14.42E-6,-14.31E-6,-14.20E-6,-14.08E-6,-13.96E-6,-13.84E-6,-13.72E-6,-13.59E-6,-13.47E-6,-13.35E-6,-13.22E-6,-13.10E-6,-12.98E-6,-12.85E-6,-12.73E-6,-12.61E-6,-12.50E-6,-12.38E-6,-12.26E-6,-12.15E-6,-12.04E-6,-14.87E-6,-14.80E-6,-14.71E-6,-14.62E-6,-14.52E-6,-14.42E-6,-14.31E-6,-14.20E-6,-14.08E-6,-13.96E-6,-13.84E-6,-13.72E-6,-13.59E-6,-13.47E-6,-13.35E-6,-13.22E-6,-13.10E-6,-12.98E-6,-12.85E-6,-12.73E-6,-12.61E-6,-12.50E-6,-12.38E-6,-12.26E-6,-12.15E-6,-12.04E-6,-14.87E-6,-14.80E-6,-14.71E-6,-14.62E-6,-14.52E-6,-14.42E-6,-14.31E-6,-14.20E-6,-14.08E-6,-13.96E-6,-13.84E-6,-13.72E-6,-13.59E-6,-13.47E-6,-13.35E-6,-13.22E-6,-13.10E-6,-12.98E-6,-12.85E-6,-12.73E-6,-12.61E-6,-12.50E-6,-12.38E-6,-12.26E-6,-12.15E-6,-12.04E-6,-14.87E-6,-14.80E-6,-14.71E-6,-14.62E-6,-14.52E-6,-14.42E-6,-14.31E-6,-14.20E-6,-14.08E-6,-13.96E-6,-13.84E-6,-13.72E-6,-13.59E-6,-13.47E-6,-13.35E-6,-13.22E-6,-13.10E-6,-12.98E-6,-12.85E-6,-12.73E-6,-12.61E-6,-12.50E-6,-12.38E-6,-12.26E-6,-12.15E-6,-12.04E-6,-14.87E-6,-14.80E-6,-14.71E-6,-14.62E-6,-14.52E-6,-14.42E-6,-14.31E-6,-14.20E-6,-14.08E-6,-13.96E-6,-13.84E-6,-13.72E-6,-13.59E-6,-13.47E-6,-13.35E-6,-13.22E-6,-13.10E-6,-12.98E-6,-12.85E-6,-12.73E-6,-12.61E-6,-12.50E-6,-12.38E-6,-12.26E-6,-12.15E-6,-12.04E-6,-14.87E-6,-14.80E-6,-14.71E-6,-14.62E-6,-14.52E-6,-14.42E-6,-14.31E-6,-14.20E-6,-14.08E-6,-13.96E-6,-13.84E-6,-13.72E-6,-13.59E-6,-13.47E-6,-13.35E-6,-13.22E-6,-13.10E-6,-12.98E-6,-12.85E-6,-12.73E-6,-12.61E-6,-12.50E-6,-12.38E-6,-12.26E-6,-12.15E-6,-12.04E-6
1.050,-15.62E-6,-15.54E-6,-15.46E-6,-15.36E-6,-15.26E-6,-15.15E-6,-15.04E-6,-14.92E-6,-14.80E-6,-14.67E-6,-14.55E-6,-14.42E-6,-14.29E-6,-14.16E-6,-14.03E-6,-13.90E-6,-13.77E-6,-13.64E-6,-13.51E-6,-13.39E-6,-13.26E-6,-13.14E-6,-13.01E-6,-12.89E-6,-12.77E-6,-12.66E-6,-15.62E-6,-15.54E-6,-15.46E-6,-15.36E-6,-15.26E-6,-15.15E-6,-15.04E-6,-14.92E-6,-14.80E-6,-14.67E-6,-14.55E-6,-14.42E-6,-14.29E-6,-14.16E-6,-14.03E-6,-13.90E-6,-13.77E-6,-13.64E-6,-13.51E-6,-13.39E-6,-13.26E-6,-13.14E-6,-13.01E-6,-12.89E-6,-12.77E-6,-12.66E-6,-15.62E-6,-15.54E-6,-15.46E-6,-15.36E-6,-15.26E-6,-15.15E-6,-15.04E-6,-14.92E-6,-14.80E-6,-14.67E-6,-14.55E-6,-14.42E-6,-14.29E-6,-14.16E-6,-14.03E-6,-13.90E-6,-13.77E-6,-13.64E-6,-13.51E-6,-13.39E-6,-13.26E-6,-13.14E-6,-13.01E-6,-12.89E-6,-12.77E-6,-12.66E-6,-15.62E-6,-15.54E-6,-15.46E-6,-15.36E-6,-15.26E-6,-15.15E-6,-15.04E-6,-14.92E-6,-14.80E-6,-14.67E-6,-14.55E-6,-14.42E-6,-14.29E-6,-14.16E-6,-14.03E-6,-13.90E-6,-13.77E-6,-13.64E-6,-13.51E-6,-13.39E-6,-13.26E-6,-13.14E-6,-13.01E-6,-12.89E-6,-12.77E-6,-12.66E-6,-15.62E-6,-15.54E-6,-15.46E-6,-15.36E-6,-15.26E-6,-15.15E-6,-15.04E-6,-14.92E-6,-14.80E-6,-14.67E-6,-14.55E-6,-14.42E-6,-14.29E-6,-14.16E-6,-14.03E-6,-13.90E-6,-13.77E-6,-13.64E-6,-13.51E-6,-13.39E-6,-13.26E-6,-13.14E-6,-13.01E-6,-12.89E-6,-12.77E-6,-12.66E-6,-15.62E-6,-15.54E-6,-15.46E-6,-15.36E-6,-15.26E-6,-15.15E-6,-15.04E-6,-14.92E-6,-14.80E-6,-14.67E-6,-14.55E-6,-14.42E-6,-14.29E-6,-14.16E-6,-14.03E-6,-13.90E-6,-13.77E-6,-13.64E-6,-13.51E-6,-13.39E-6,-13.26E-6,-13.14E-6,-13.01E-6,-12.89E-6,-12.77E-6,-12.66E-6,-15.62E-6,-15.54E-6,-15.46E-6,-15.36E-6,-15.26E-6,-15.15E-6,-15.04E-6,-14.92E-6,-14.80E-6,-14.67E-6,-14.55E-6,-14.42E-6,-14.29E-6,-14.16E-6,-14.03E-6,-13.90E-6,-13.77E-6,-13.64E-6,-13.51E-6,-13.39E-6,-13.26E-6,-13.14E-6,-13.01E-6,-12.89E-6,-12.77E-6,-12.66E-6,-15.62E-6,-15.54E-6,-15.46E-6,-15.36E-6,-15.26E-6,-15.15E-6,-15.04E-6,-14.92E-6,-14.80E-6,-14.67E-6,-14.55E-6,-14.42E-6,-14.29E-6,-14.16E-6,-14.03E-6,-13.90E-6,-13.77E-6,-13.64E-6,-13.51E-6,-13.39E-6,-13.26E-6,-13.14E-6,-13.01E-6,-12.89E-6,-12.77E-6,-12.66E-6
1.100,-16.35E-6,-16.27E-6,-16.19E-6,-16.09E-6,-15.98E-6,-15.87E-6,-15.75E-6,-15.63E-6,-15.50E-6,-15.37E-6,-15.24E-6,-15.11E-6,-14.97E-6,-14.84E-6,-14.70E-6,-14.57E-6,-14.43E-6,-14.30E-6,-14.16E-6,-14.03E-6,-13.90E-6,-13.77E-6,-13.64E-6,-13.51E-6,-13.39E-6,-13.27E-6,-16.35E-6,-16.27E-6,-16.19E-6,-16.09E-6,-15.98E-6,-15.87E-6,-15.75E-6,-15.63E-6,-15.50E-6,-15.37E-6,-15.24E-6,-15.11E-6,-14.97E-6,-14.84E-6,-14.70E-6,-14.57E-6,-14.43E-6,-14.30E-6,-14.16E-6,-14.03E-6,-13.90E-6,-13.77E-6,-13.64E-6,-13.51E-6,-13.39E-6,-13.27E-6,-16.35E-6,-16.27E-6,-16.19E-6,-16.09E-6,-15.98E-6,-15.87E-6,-15.75E-6,-15.63E-6,-15.50E-6,-15.37E-6,-15.24E-6,-15.11E-6,-14.97E-6,-14.84E-6,-14.70E-6,-14.57E-6,-14.43E-6,-14.30E-6,-14.16E-6,-14.03E-6,-13.90E-6,-13.77E-6,-13.64E-6,-13.51E-6,-13.39E-6,-13.27E-6,-16.35E-6,-16.27E-6,-16.19E-6,-16.09E-6,-15.98E-6,-15.87E-6,-15.75E-6,-15.63E-6,-15.50E-6,-15.37E-6,-15.24E-6,-15.11E-6,-14.97E-6,-14.84E-6,-14.70E-6,-14.57E-6,-14.43E-6,-14.30E-6,-14.16E-6,-14.03E-6,-13.90E-6,-13.77E-6,-13.64E-6,-13.51E-6,-13.39E-6,-13.27E-6,-16.35E-6,-16.27E-6,-16.19E-6,-16.09E-6,-15.98E-6,-15.87E-6,-15.75E-6,-15.63E-6,-15.50E-6,-15.37E-6,-15.24E-6,-15.11E-6,-14.97E-6,-14.84E-6,-14.70E-6,-14.57E-6,-14.43E-6,-14.30E-6,-14.16E-6,-14.03E-6,-13.90E-6,-13.77E-6,-13.64E-6,-13.51E-6,-13.39E-6,-13.27E-6,-16.35E-6,-16.27E-6,-16.19E-6,-16.09E-6,-15.98E-6,-15.87E-6,-15.75E-6,-15.63E-6,-15.50E-6,-15.37E-6,-15.24E-6,-15.11E-6,-14.97E-6,-14.84E-6,-14.70E-6,-14.57E-6,-14.43E-6,-14.30E-6,-14.16E-6,-14.03E-6,-13.90E-6,-13.77E-6,-13.64E-6,-13.51E-6,-13.39E-6,-13.27E-6,-16.35E-6,-16.27E-6,-16.19E-6,-16.09E-6,-15.98E-6,-15.87E-6,-15.75E-6,-15.63E-6,-15.50E-6,-15.37E-6,-15.24E-6,-15.11E-6,-14.97E-6,-14.84E-6,-14.70E-6,-14.57E-6,-14.43E-6,-14.30E-6,-14.16E-6,-14.03E-6,-13.90E-6,-13.77E-6,-13.64E-6,-13.51E-6,-13.39E-6,-13.27E-6,-16.35E-6,-16.27E-6,-16.19E-6,-16.09E-6,-15.98E-6,-15.87E-6,-15.75E-6,-15.63E-6,-15.50E-6,-15.37E-6,-15.24E-6,-15.11E-6,-14.97E-6,-14.84E-6,-14.70E-6,-14.57E-6,-14.43E-6,-14.30E-6,-14.16E-6,-14.03E-6,-13.90E-6,-13.77E-6,-13.64E-6,-13.51E-6,-13.39E-6,-13.27E-6
1.150,-17.08E-6,-17.00E-6,-16.91E-6,-16.80E-6,-16.69E-6,-16.58E-6,-16.45E-6,-16.33E-6,-16.20E-6,-16.06E-6,-15.92E-6,-15.79E-6,-15.65E-6,-15.51E-6,-15.37E-6,-15.22E-6,-15.08E-6,-14.94E-6,-14.80E-6,-14.67E-6,-14.53E-6,-14.39E-6,-14.26E-6,-14.13E-6,-14.00E-6,-13.87E-6,-17.08E-6,-17.00E-6,-16.91E-6,-16.80E-6,-16.69E-6,-16.58E-6,-16.45E-6,-16.33E-6,-16.20E-6,-16.06E-6,-15.92E-6,-15.79E-6,-15.65E-6,-15.51E-6,-15.37E-6,-15.22E-6,-15.08E-6,-14.94E-6,-14.80E-6,-14.67E-6,-14.53E-6,-14.39E-6,-14.26E-6,-14.13E-6,-14.00E-6,-13.87E-6,-17.08E-6,-17.00E-6,-16.91E-6,-16.80E-6,-16.69E-6,-16.58E-6,-16.45E-6,-16.33E-6,-16.20E-6,-16.06E-6,-15.92E-6,-15.79E-6,-15.65E-6,-15.51E-6,-15.37E-6,-15.22E-6,-15.08E-6,-14.94E-6,-14.80E-6,-14.67E-6,-14.53E-6,-14.39E-6,-14.26E-6,-14.13E-6,-14.00E-6,-13.87E-6,-17.08E-6,-17.00E-6,-16.91E-6,-16.80E-6,-16.69E-6,-16.58E-6,-16.45E-6,-16.33E-6,-16.20E-6,-16.06E-6,-15.92E-6,-15.79E-6,-15.65E-6,-15.51E-6,-15.37E-6,-15.22E-6,-15.08E-6,-14.94E-6,-14.80E-6,-14.67E-6,-14.53E-6,-14.39E-6,-14.26E-6,-14.13E-6,-14.00E-6,-13.87E-6,-17.08E-6,-17.00E-6,-16.91E-6,-16.80E-6,-16.69E-6,-16.58E-6,-16.45E-6,-16.33E-6,-16.20E-6,-16.06E-6,-15.92E-6,-15.79E-6,-15.65E-6,-15.51E-6,-15.37E-6,-15.22E-6,-15.08E-6,-14.94E-6,-14.80E-6,-14.67E-6,-14.53E-6,-14.39E-6,-14.26E-6,-14.13E-6,-14.00E-6,-13.87E-6,-17.08E-6,-17.00E-6,-16.91E-6,-16.80E-6,-16.69E-6,-16.58E-6,-16.45E-6,-16.33E-6,-16.20E-6,-16.06E-6,-15.92E-6,-15.79E-6,-15.65E-6,-15.51E-6,-15.37E-6,-15.22E-6,-15.08E-6,-14.94E-6,-14.80E-6,-14.67E-6,-14.53E-6,-14.39E-6,-14.26E-6,-14.13E-6,-14.00E-6,-13.87E-6,-17.08E-6,-17.00E-6,-16.91E-6,-16.80E-6,-16.69E-6,-16.58E-6,-16.45E-6,-16.33E-6,-16.20E-6,-16.06E-6,-15.92E-6,-15.79E-6,-15.65E-6,-15.51E-6,-15.37E-6,-15.22E-6,-15.08E-6,-14.94E-6,-14.80E-6,-14.67E-6,-14.53E-6,-14.39E-6,-14.26E-6,-14.13E-6,-14.00E-6,-13.87E-6,-17.08E-6,-17.00E-6,-16.91E-6,-16.80E-6,-16.69E-6,-16.58E-6,-16.45E-6,-16.33E-6,-16.20E-6,-16.06E-6,-15.92E-6,-15.79E-6,-15.65E-6,-15.51E-6,-15.37E-6,-15.22E-6,-15.08E-6,-14.94E-6,-14.80E-6,-14.67E-6,-14.53E-6,-14.39E-6,-14.26E-6,-14.13E-6,-14.00E-6,-13.87E-6
1.200,-17.79E-6,-17.71E-6,-17.61E-6,-17.51E-6,-17.40E-6,-17.28E-6,-17.15E-6,-17.02E-6,-16.88E-6,-16.74E-6,-16.60E-6,-16.46E-6,-16.31E-6,-16.17E-6,-16.02E-6,-15.87E-6,-15.73E-6,-15.58E-6,-15.44E-6,-15.29E-6,-15.15E-6,-15.01E-6,-14.87E-6,-14.73E-6,-14.60E-6,-14.46E-6,-17.79E-6,-17.71E-6,-17.61E-6,-17.51E-6,-17.40E-6,-17.28E-6,-17.15E-6,-17.02E-6,-16.88E-6,-16.74E-6,-16.60E-6,-16.46E-6,-16.31E-6,-16.17E-6,-16.02E-6,-15.87E-6,-15.73E-6,-15.58E-6,-15.44E-6,-15.29E-6,-15.15E-6,-15.01E-6,-14.87E-6,-14.73E-6,-14.60E-6,-14.46E-6,-17.79E-6,-17.71E-6,-17.61E-6,-17.51E-6,-17.40E-6,-17.28E-6,-17.15E-6,-17.02E-6,-16.88E-6,-16.74E-6,-16.60E-6,-16.46E-6,-16.31E-6,-16.17E-6,-16.02E-6,-15.87E-6,-15.73E-6,-15.58E-6,-15.44E-6,-15.29E-6,-15.15E-6,-15.01E-6,-14.87E-6,-14.73E-6,-14.60E-6,-14.46E-6,-17.79E-6,-17.71E-6,-17.61E-6,-17.51E-6,-17.40E-6,-17.28E-6,-17.15E-6,-17.02E-6,-16.88E-6,-16.74E-6,-16.60E-6,-16.46E-6,-16.31E-6,-16.17E-6,-16.02E-6,-15.87E-6,-15.73E-6,-15.58E-6,-15.44E-6,-15.29E-6,-15.15E-6,-15.01E-6,-14.87E-6,-14.73E-6,-14.60E-6,-14.46E-6,-17.79E-6,-17.71E-6,-17.61E-6,-17.51E-6,-17.40E-6,-17.28E-6,-17.15E-6,-17.02E-6,-16.88E-6,-16.74E-6,-16.60E-6,-16.46E-6,-16.31E-6,-16.17E-6,-16.02E-6,-15.87E-6,-15.73E-6,-15.58E-6,-15.44E-6,-15.29E-6,-15.15E-6,-15.01E-6,-14.87E-6,-14.73E-6,-14.60E-6,-14.46E-6,-17.79E-6,-17.71E-6,-17.61E-6,-17.51E-6,-17.40E-6,-17.28E-6,-17.15E-6,-17.02E-6,-16.88E-6,-16.74E-6,-16.60E-6,-16.46E-6,-16.31E-6,-16.17E-6,-16.02E-6,-15.87E-6,-15.73E-6,-15.58E-6,-15.44E-6,-15.29E-6,-15.15E-6,-15.01E-6,-14.87E-6,-14.73E-6,-14.60E-6,-14.46E-6,-17.79E-6,-17.71E-6,-17.61E-6,-17.51E-6,-17.40E-6,-17.28E-6,-17.15E-6,-17.02E-6,-16.88E-6,-16.74E-6,-16.60E-6,-16.46E-6,-16.31E-6,-16.17E-6,-16.02E-6,-15.87E-6,-15.73E-6,-15.58E-6,-15.44E-6,-15.29E-6,-15.15E-6,-15.01E-6,-14.87E-6,-14.73E-6,-14.60E-6,-14.46E-6,-17.79E-6,-17.71E-6,-17.61E-6,-17.51E-6,-17.40E-6,-17.28E-6,-17.15E-6,-17.02E-6,-16.88E-6,-16.74E-6,-16.60E-6,-16.46E-6,-16.31E-6,-16.17E-6,-16.02E-6,-15.87E-6,-15.73E-6,-15.58E-6,-15.44E-6,-15.29E-6,-15.15E-6,-15.01E-6,-14.87E-6,-14.73E-6,-14.60E-6,-14.46E-6
1.250,-18.49E-6,-18.41E-6,-18.31E-6,-18.21E-6,-18.09E-6,-17.96E-6,-17.83E-6,-17.70E-6,-17.56E-6,-17.41E-6,-17.27E-6,-17.12E-6,-16.97E-6,-16.82E-6,-16.67E-6,-16.51E-6,-16.36E-6,-16.21E-6,-16.06E-6,-15.91E-6,-15.77E-6,-15.62E-6,-15.47E-6,-15.33E-6,-15.19E-6,-15.05E-6,-18.49E-6,-18.41E-6,-18.31E-6,-18.21E-6,-18.09E-6,-17.96E-6,-17.83E-6,-17.70E-6,-17.56E-6,-17.41E-6,-17.27E-6,-17.12E-6,-16.97E-6,-16.82E-6,-16.67E-6,-16.51E-6,-16.36E-6,-16.21E-6,-16.06E-6,-15.91E-6,-15.77E-6,-15.62E-6,-15.47E-6,-15.33E-6,-15.19E-6,-15.05E-6,-18.49E-6,-18.41E-6,-18.31E-6,-18.21E-6,-18.09E-6,-17.96E-6,-17.83E-6,-17.70E-6,-17.56E-6,-17.41E-6,-17.27E-6,-17.12E-6,-16.97E-6,-16.82E-6,-16.67E-6,-16.51E-6,-16.36E-6,-16.21E-6,-16.06E-6,-15.91E-6,-15.77E-6,-15.62E-6,-15.47E-6,-15.33E-6,-15.19E-6,-15.05E-6,-18.49E-6,-18.41E-6,-18.31E-6,-18.21E-6,-18.09E-6,-17.96E-6,-17.83E-6,-17.70E-6,-17.56E-6,-17.41E-6,-17.27E-6,-17.12E-6,-16.97E-6,-16.82E-6,-16.67E-6,-16.51E-6,-16.36E-6,-16.21E-6,-16.06E-6,-15.91E-6,-15.77E-6,-15.62E-6,-15.47E-6,-15.33E-6,-15.19E-6,-15.05E-6,-18.49E-6,-18.41E-6,-18.31E-6,-18.21E-6,-18.09E-6,-17.96E-6,-17.83E-6,-17.70E-6,-17.56E-6,-17.41E-6,-17.27E-6,-17.12E-6,-16.97E-6,-16.82E-6,-16.67E-6,-16.51E-6,-16.36E-6,-16.21E-6,-16.06E-6,-15.91E-6,-15.77E-6,-15.62E-6,-15.47E-6,-15.33E-6,-15.19E-6,-15.05E-6,-18.49E-6,-18.41E-6,-18.31E-6,-18.21E-6,-18.09E-6,-17.96E-6,-17.83E-6,-17.70E-6,-17.56E-6,-17.41E-6,-17.27E-6,-17.12E-6,-16.97E-6,-16.82E-6,-16.67E-6,-16.51E-6,-16.36E-6,-16.21E-6,-16.06E-6,-15.91E-6,-15.77E-6,-15.62E-6,-15.47E-6,-15.33E-6,-15.19E-6,-15.05E-6,-18.49E-6,-18.41E-6,-18.31E-6,-18.21E-6,-18.09E-6,-17.96E-6,-17.83E-6,-17.70E-6,-17.56E-6,-17.41E-6,-17.27E-6,-17.12E-6,-16.97E-6,-16.82E-6,-16.67E-6,-16.51E-6,-16.36E-6,-16.21E-6,-16.06E-6,-15.91E-6,-15.77E-6,-15.62E-6,-15.47E-6,-15.33E-6,-15.19E-6,-15.05E-6,-18.49E-6,-18.41E-6,-18.31E-6,-18.21E-6,-18.09E-6,-17.96E-6,-17.83E-6,-17.70E-6,-17.56E-6,-17.41E-6,-17.27E-6,-17.12E-6,-16.97E-6,-16.82E-6,-16.67E-6,-16.51E-6,-16.36E-6,-16.21E-6,-16.06E-6,-15.91E-6,-15.77E-6,-15.62E-6,-15.47E-6,-15.33E-6,-15.19E-6,-15.05E-6
1.300,-19.19E-6,-19.10E-6,-19.00E-6,-18.89E-6,-18.77E-6,-18.64E-6,-18.51E-6,-18.37E-6,-18.22E-6,-18.08E-6,-17.92E-6,-17.77E-6,-17.62E-6,-17.46E-6,-17.30E-6,-17.15E-6,-16.99E-6,-16.84E-6,-16.68E-6,-16.53E-6,-16.37E-6,-16.22E-6,-16.07E-6,-15.92E-6,-15.78E-6,-15.63E-6,-19.19E-6,-19.10E-6,-19.00E-6,-18.89E-6,-18.77E-6,-18.64E-6,-18.51E-6,-18.37E-6,-18.22E-6,-18.08E-6,-17.92E-6,-17.77E-6,-17.62E-6,-17.46E-6,-17.30E-6,-17.15E-6,-16.99E-6,-16.84E-6,-16.68E-6,-16.53E-6,-16.37E-6,-16.22E-6,-16.07E-6,-15.92E-6,-15.78E-6,-15.63E-6,-19.19E-6,-19.10E-6,-19.00E-6,-18.89E-6,-18.77E-6,-18.64E-6,-18.51E-6,-18.37E-6,-18.22E-6,-18.08E-6,-17.92E-6,-17.77E-6,-17.62E-6,-17.46E-6,-17.30E-6,-17.15E-6,-16.99E-6,-16.84E-6,-16.68E-6,-16.53E-6,-16.37E-6,-16.22E-6,-16.07E-6,-15.92E-6,-15.78E-6,-15.63E-6,-19.19E-6,-19.10E-6,-19.00E-6,-18.89E-6,-18.77E-6,-18.64E-6,-18.51E-6,-18.37E-6,-18.22E-6,-18.08E-6,-17.92E-6,-17.77E-6,-17.62E-6,-17.46E-6,-17.30E-6,-17.15E-6,-16.99E-6,-16.84E-6,-16.68E-6,-16.53E-6,-16.37E-6,-16.22E-6,-16.07E-6,-15.92E-6,-15.78E-6,-15.63E-6,-19.19E-6,-19.10E-6,-19.00E-6,-18.89E-6,-18.77E-6,-18.64E-6,-18.51E-6,-18.37E-6,-18.22E-6,-18.08E-6,-17.92E-6,-17.77E-6,-17.62E-6,-17.46E-6,-17.30E-6,-17.15E-6,-16.99E-6,-16.84E-6,-16.68E-6,-16.53E-6,-16.37E-6,-16.22E-6,-16.07E-6,-15.92E-6,-15.78E-6,-15.63E-6,-19.19E-6,-19.10E-6,-19.00E-6,-18.89E-6,-18.77E-6,-18.64E-6,-18.51E-6,-18.37E-6,-18.22E-6,-18.08E-6,-17.92E-6,-17.77E-6,-17.62E-6,-17.46E-6,-17.30E-6,-17.15E-6,-16.99E-6,-16.84E-6,-16.68E-6,-16.53E-6,-16.37E-6,-16.22E-6,-16.07E-6,-15.92E-6,-15.78E-6,-15.63E-6,-19.19E-6,-19.10E-6,-19.00E-6,-18.89E-6,-18.77E-6,-18.64E-6,-18.51E-6,-18.37E-6,-18.22E-6,-18.08E-6,-17.92E-6,-17.77E-6,-17.62E-6,-17.46E-6,-17.30E-6,-17.15E-6,-16.99E-6,-16.84E-6,-16.68E-6,-16.53E-6,-16.37E-6,-16.22E-6,-16.07E-6,-15.92E-6,-15.78E-6,-15.63E-6,-19.19E-6,-19.10E-6,-19.00E-6,-18.89E-6,-18.77E-6,-18.64E-6,-18.51E-6,-18.37E-6,-18.22E-6,-18.08E-6,-17.92E-6,-17.77E-6,-17.62E-6,-17.46E-6,-17.30E-6,-17.15E-6,-16.99E-6,-16.84E-6,-16.68E-6,-16.53E-6,-16.37E-6,-16.22E-6,-16.07E-6,-15.92E-6,-15.78E-6,-15.63E-6
1.350,-19.88E-6,-19.79E-6,-19.68E-6,-19.57E-6,-19.45E-6,-19.31E-6,-19.18E-6,-19.03E-6,-18.88E-6,-18.73E-6,-18.57E-6,-18.42E-6,-18.26E-6,-18.10E-6,-17.93E-6,-17.77E-6,-17.61E-6,-17.45E-6,-17.29E-6,-17.13E-6,-16.97E-6,-16.82E-6,-16.66E-6,-16.51E-6,-16.36E-6,-16.21E-6,-19.88E-6,-19.79E-6,-19.68E-6,-19.57E-6,-19.45E-6,-19.31E-6,-19.18E-6,-19.03E-6,-18.88E-6,-18.73E-6,-18.57E-6,-18.42E-6,-18.26E-6,-18.10E-6,-17.93E-6,-17.77E-6,-17.61E-6,-17.45E-6,-17.29E-6,-17.13E-6,-16.97E-6,-16.82E-6,-16.66E-6,-16.51E-6,-16.36E-6,-16.21E-6,-19.88E-6,-19.79E-6,-19.68E-6,-19.57E-6,-19.45E-6,-19.31E-6,-19.18E-6,-19.03E-6,-18.88E-6,-18.73E-6,-18.57E-6,-18.42E-6,-18.26E-6,-18.10E-6,-17.93E-6,-17.77E-6,-17.61E-6,-17.45E-6,-17.29E-6,-17.13E-6,-16.97E-6,-16.82E-6,-16.66E-6,-16.51E-6,-16.36E-6,-16.21E-6,-19.88E-6,-19.79E-6,-19.68E-6,-19.57E-6,-19.45E-6,-19.31E-6,-19.18E-6,-19.03E-6,-18.88E-6,-18.73E-6,-18.57E-6,-18.42E-6,-18.26E-6,-18.10E-6,-17.93E-6,-17.77E-6,-17.61E-6,-17.45E-6,-17.29E-6,-17.13E-6,-16.97E-6,-16.82E-6,-16.66E-6,-16.51E-6,-16.36E-6,-16.21E-6,-19.88E-6,-19.79E-6,-19.68E-6,-19.57E-6,-19.45E-6,-19.31E-6,-19.18E-6,-19.03E-6,-18.88E-6,-18.73E-6,-18.57E-6,-18.42E-6,-18.26E-6,-18.10E-6,-17.93E-6,-17.77E-6,-17.61E-6,-17.45E-6,-17.29E-6,-17.13E-6,-16.97E-6,-16.82E-6,-16.66E-6,-16.51E-6,-16.36E-6,-16.21E-6,-19.88E-6,-19.79E-6,-19.68E-6,-19.57E-6,-19.45E-6,-19.31E-6,-19.18E-6,-19.03E-6,-18.88E-6,-18.73E-6,-18.57E-6,-18.42E-6,-18.26E-6,-18.10E-6,-17.93E-6,-17.77E-6,-17.61E-6,-17.45E-6,-17.29E-6,-17.13E-6,-16.97E-6,-16.82E-6,-16.66E-6,-16.51E-6,-16.36E-6,-16.21E-6,-19.88E-6,-19.79E-6,-19.68E-6,-19.57E-6,-19.45E-6,-19.31E-6,-19.18E-6,-19.03E-6,-18.88E-6,-18.73E-6,-18.57E-6,-18.42E-6,-18.26E-6,-18.10E-6,-17.93E-6,-17.77E-6,-17.61E-6,-17.45E-6,-17.29E-6,-17.13E-6,-16.97E-6,-16.82E-6,-16.66E-6,-16.51E-6,-16.36E-6,-16.21E-6,-19.88E-6,-19.79E-6,-19.68E-6,-19.57E-6,-19.45E-6,-19.31E-6,-19.18E-6,-19.03E-6,-18.88E-6,-18.73E-6,-18.57E-6,-18.42E-6,-18.26E-6,-18.10E-6,-17.93E-6,-17.77E-6,-17.61E-6,-17.45E-6,-17.29E-6,-17.13E-6,-16.97E-6,-16.82E-6,-16.66E-6,-16.51E-6,-16.36E-6,-16.21E-6
1.400,-20.55E-6,-20.46E-6,-20.36E-6,-20.24E-6,-20.11E-6,-19.98E-6,-19.83E-6,-19.69E-6,-19.53E-6,-19.38E-6,-19.22E-6,-19.05E-6,-18.89E-6,-18.72E-6,-18.56E-6,-18.39E-6,-18.23E-6,-18.06E-6,-17.89E-6,-17.73E-6,-17.57E-6,-17.41E-6,-17.25E-6,-17.09E-6,-16.93E-6,-16.78E-6,-20.55E-6,-20.46E-6,-20.36E-6,-20.24E-6,-20.11E-6,-19.98E-6,-19.83E-6,-19.69E-6,-19.53E-6,-19.38E-6,-19.22E-6,-19.05E-6,-18.89E-6,-18.72E-6,-18.56E-6,-18.39E-6,-18.23E-6,-18.06E-6,-17.89E-6,-17.73E-6,-17.57E-6,-17.41E-6,-17.25E-6,-17.09E-6,-16.93E-6,-16.78E-6,-20.55E-6,-20.46E-6,-20.36E-6,-20.24E-6,-20.11E-6,-19.98E-6,-19.83E-6,-19.69E-6,-19.53E-6,-19.38E-6,-19.22E-6,-19.05E-6,-18.89E-6,-18.72E-6,-18.56E-6,-18.39E-6,-18.23E-6,-18.06E-6,-17.89E-6,-17.73E-6,-17.57E-6,-17.41E-6,-17.25E-6,-17.09E-6,-16.93E-6,-16.78E-6,-20.55E-6,-20.46E-6,-20.36E-6,-20.24E-6,-20.11E-6,-19.98E-6,-19.83E-6,-19.69E-6,-19.53E-6,-19.38E-6,-19.22E-6,-19.05E-6,-18.89E-6,-18.72E-6,-18.56E-6,-18.39E-6,-18.23E-6,-18.06E-6,-17.89E-6,-17.73E-6,-17.57E-6,-17.41E-6,-17.25E-6,-17.09E-6,-16.93E-6,-16.78E-6,-20.55E-6,-20.46E-6,-20.36E-6,-20.24E-6,-20.11E-6,-19.98E-6,-19.83E-6,-19.69E-6,-19.53E-6,-19.38E-6,-19.22E-6,-19.05E-6,-18.89E-6,-18.72E-6,-18.56E-6,-18.39E-6,-18.23E-6,-18.06E-6,-17.89E-6,-17.73E-6,-17.57E-6,-17.41E-6,-17.25E-6,-17.09E-6,-16.93E-6,-16.78E-6,-20.55E-6,-20.46E-6,-20.36E-6,-20.24E-6,-20.11E-6,-19.98E-6,-19.83E-6,-19.69E-6,-19.53E-6,-19.38E-6,-19.22E-6,-19.05E-6,-18.89E-6,-18.72E-6,-18.56E-6,-18.39E-6,-18.23E-6,-18.06E-6,-17.89E-6,-17.73E-6,-17.57E-6,-17.41E-6,-17.25E-6,-17.09E-6,-16.93E-6,-16.78E-6,-20.55E-6,-20.46E-6,-20.36E-6,-20.24E-6,-20.11E-6,-19.98E-6,-19.83E-6,-19.69E-6,-19.53E-6,-19.38E-6,-19.22E-6,-19.05E-6,-18.89E-6,-18.72E-6,-18.56E-6,-18.39E-6,-18.23E-6,-18.06E-6,-17.89E-6,-17.73E-6,-17.57E-6,-17.41E-6,-17.25E-6,-17.09E-6,-16.93E-6,-16.78E-6,-20.55E-6,-20.46E-6,-20.36E-6,-20.24E-6,-20.11E-6,-19.98E-6,-19.83E-6,-19.69E-6,-19.53E-6,-19.38E-6,-19.22E-6,-19.05E-6,-18.89E-6,-18.72E-6,-18.56E-6,-18.39E-6,-18.23E-6,-18.06E-6,-17.89E-6,-17.73E-6,-17.57E-6,-17.41E-6,-17.25E-6,-17.09E-6,-16.93E-6,-16.78E-6
1.450,-21.22E-6,-21.13E-6,-21.02E-6,-20.90E-6,-20.77E-6,-20.63E-6,-20.48E-6,-20.33E-6,-20.17E-6,-20.01E-6,-19.85E-6,-19.68E-6,-19.51E-6,-19.34E-6,-19.17E-6,-19.00E-6,-18.83E-6,-18.66E-6,-18.49E-6,-18.32E-6,-18.15E-6,-17.99E-6,-17.82E-6,-17.66E-6,-17.50E-6,-17.34E-6,-21.22E-6,-21.13E-6,-21.02E-6,-20.90E-6,-20.77E-6,-20.63E-6,-20.48E-6,-20.33E-6,-20.17E-6,-20.01E-6,-19.85E-6,-19.68E-6,-19.51E-6,-19.34E-6,-19.17E-6,-19.00E-6,-18.83E-6,-18.66E-6,-18.49E-6,-18.32E-6,-18.15E-6,-17.99E-6,-17.82E-6,-17.66E-6,-17.50E-6,-17.34E-6,-21.22E-6,-21.13E-6,-21.02E-6,-20.90E-6,-20.77E-6,-20.63E-6,-20.48E-6,-20.33E-6,-20.17E-6,-20.01E-6,-19.85E-6,-19.68E-6,-19.51E-6,-19.34E-6,-19.17E-6,-19.00E-6,-18.83E-6,-18.66E-6,-18.49E-6,-18.32E-6,-18.15E-6,-17.99E-6,-17.82E-6,-17.66E-6,-17.50E-6,-17.34E-6,-21.22E-6,-21.13E-6,-21.02E-6,-20.90E-6,-20.77E-6,-20.63E-6,-20.48E-6,-20.33E-6,-20.17E-6,-20.01E-6,-19.85E-6,-19.68E-6,-19.51E-6,-19.34E-6,-19.17E-6,-19.00E-6,-18.83E-6,-18.66E-6,-18.49E-6,-18.32E-6,-18.15E-6,-17.99E-6,-17.82E-6,-17.66E-6,-17.50E-6,-17.34E-6,-21.22E-6,-21.13E-6,-21.02E-6,-20.90E-6,-20.77E-6,-20.63E-6,-20.48E-6,-20.33E-6,-20.17E-6,-20.01E-6,-19.85E-6,-19.68E-6,-19.51E-6,-19.34E-6,-19.17E-6,-19.00E-6,-18.83E-6,-18.66E-6,-18.49E-6,-18.32E-6,-18.15E-6,-17.99E-6,-17.82E-6,-17.66E-6,-17.50E-6,-17.34E-6,-21.22E-6,-21.13E-6,-21.02E-6,-20.90E-6,-20.77E-6,-20.63E-6,-20.48E-6,-20.33E-6,-20.17E-6,-20.01E-6,-19.85E-6,-19.68E-6,-19.51E-6,-19.34E-6,-19.17E-6,-19.00E-6,-18.83E-6,-18.66E-6,-18.49E-6,-18.32E-6,-18.15E-6,-17.99E-6,-17.82E-6,-17.66E-6,-17.50E-6,-17.34E-6,-21.22E-6,-21.13E-6,-21.02E-6,-20.90E-6,-20.77E-6,-20.63E-6,-20.48E-6,-20.33E-6,-20.17E-6,-20.01E-6,-19.85E-6,-19.68E-6,-19.51E-6,-19.34E-6,-19.17E-6,-19.00E-6,-18.83E-6,-18.66E-6,-18.49E-6,-18.32E-6,-18.15E-6,-17.99E-6,-17.82E-6,-17.66E-6,-17.50E-6,-17.34E-6,-21.22E-6,-21.13E-6,-21.02E-6,-20.90E-6,-20.77E-6,-20.63E-6,-20.48E-6,-20.33E-6,-20.17E-6,-20.01E-6,-19.85E-6,-19.68E-6,-19.51E-6,-19.34E-6,-19.17E-6,-19.00E-6,-18.83E-6,-18.66E-6,-18.49E-6,-18.32E-6,-18.15E-6,-17.99E-6,-17.82E-6,-17.66E-6,-17.50E-6,-17.34E-6
1.500,-21.88E-6,-21.79E-6,-21.68E-6,-21.55E-6,-21.42E-6,-21.28E-6,-21.13E-6,-20.97E-6,-20.81E-6,-20.64E-6,-20.48E-6,-20.31E-6,-20.13E-6,-19.96E-6,-19.78E-6,-19.61E-6,-19.43E-6,-19.26E-6,-19.08E-6,-18.91E-6,-18.74E-6,-18.56E-6,-18.40E-6,-18.23E-6,-18.06E-6,-17.90E-6,-21.88E-6,-21.79E-6,-21.68E-6,-21.55E-6,-21.42E-6,-21.28E-6,-21.13E-6,-20.97E-6,-20.81E-6,-20.64E-6,-20.48E-6,-20.31E-6,-20.13E-6,-19.96E-6,-19.78E-6,-19.61E-6,-19.43E-6,-19.26E-6,-19.08E-6,-18.91E-6,-18.74E-6,-18.56E-6,-18.40E-6,-18.23E-6,-18.06E-6,-17.90E-6,-21.88E-6,-21.79E-6,-21.68E-6,-21.55E-6,-21.42E-6,-21.28E-6,-21.13E-6,-20.97E-6,-20.81E-6,-20.64E-6,-20.48E-6,-20.31E-6,-20.13E-6,-19.96E-6,-19.78E-6,-19.61E-6,-19.43E-6,-19.26E-6,-19.08E-6,-18.91E-6,-18.74E-6,-18.56E-6,-18.40E-6,-18.23E-6,-18.06E-6,-17.90E-6,-21.88E-6,-21.79E-6,-21.68E-6,-21.55E-6,-21.42E-6,-21.28E-6,-21.13E-6,-20.97E-6,-20.81E-6,-20.64E-6,-20.48E-6,-20.31E-6,-20.13E-6,-19.96E-6,-19.78E-6,-19.61E-6,-19.43E-6,-19.26E-6,-19.08E-6,-18.91E-6,-18.74E-6,-18.56E-6,-18.40E-6,-18.23E-6,-18.06E-6,-17.90E-6,-21.88E-6,-21.79E-6,-21.68E-6,-21.55E-6,-21.42E-6,-21.28E-6,-21.13E-6,-20.97E-6,-20.81E-6,-20.64E-6,-20.48E-6,-20.31E-6,-20.13E-6,-19.96E-6,-19.78E-6,-19.61E-6,-19.43E-6,-19.26E-6,-19.08E-6,-18.91E-6,-18.74E-6,-18.56E-6,-18.40E-6,-18.23E-6,-18.06E-6,-17.90E-6,-21.88E-6,-21.79E-6,-21.68E-6,-21.55E-6,-21.42E-6,-21.28E-6,-21.13E-6,-20.97E-6,-20.81E-6,-20.64E-6,-20.48E-6,-20.31E-6,-20.13E-6,-19.96E-6,-19.78E-6,-19.61E-6,-19.43E-6,-19.26E-6,-19.08E-6,-18.91E-6,-18.74E-6,-18.56E-6,-18.40E-6,-18.23E-6,-18.06E-6,-17.90E-6,-21.88E-6,-21.79E-6,-21.68E-6,-21.55E-6,-21.42E-6,-21.28E-6,-21.13E-6,-20.97E-6,-20.81E-6,-20.64E-6,-20.48E-6,-20.31E-6,-20.13E-6,-19.96E-6,-19.78E-6,-19.61E-6,-19.43E-6,-19.26E-6,-19.08E-6,-18.91E-6,-18.74E-6,-18.56E-6,-18.40E-6,-18.23E-6,-18.06E-6,-17.90E-6,-21.88E-6,-21.79E-6,-21.68E-6,-21.55E-6,-21.42E-6,-21.28E-6,-21.13E-6,-20.97E-6,-20.81E-6,-20.64E-6,-20.48E-6,-20.31E-6,-20.13E-6,-19.96E-6,-19.78E-6,-19.61E-6,-19.43E-6,-19.26E-6,-19.08E-6,-18.91E-6,-18.74E-6,-18.56E-6,-18.40E-6,-18.23E-6,-18.06E-6,-17.90E-6
1.550,-22.54E-6,-22.44E-6,-22.32E-6,-22.20E-6,-22.06E-6,-21.92E-6,-21.76E-6,-21.60E-6,-21.44E-6,-21.27E-6,-21.10E-6,-20.92E-6,-20.74E-6,-20.56E-6,-20.39E-6,-20.21E-6,-20.03E-6,-19.85E-6,-19.67E-6,-19.49E-6,-19.31E-6,-19.14E-6,-18.96E-6,-18.79E-6,-18.62E-6,-18.45E-6,-22.54E-6,-22.44E-6,-22.32E-6,-22.20E-6,-22.06E-6,-21.92E-6,-21.76E-6,-21.60E-6,-21.44E-6,-21.27E-6,-21.10E-6,-20.92E-6,-20.74E-6,-20.56E-6,-20.39E-6,-20.21E-6,-20.03E-6,-19.85E-6,-19.67E-6,-19.49E-6,-19.31E-6,-19.14E-6,-18.96E-6,-18.79E-6,-18.62E-6,-18.45E-6,-22.54E-6,-22.44E-6,-22.32E-6,-22.20E-6,-22.06E-6,-21.92E-6,-21.76E-6,-21.60E-6,-21.44E-6,-21.27E-6,-21.10E-6,-20.92E-6,-20.74E-6,-20.56E-6,-20.39E-6,-20.21E-6,-20.03E-6,-19.85E-6,-19.67E-6,-19.49E-6,-19.31E-6,-19.14E-6,-18.96E-6,-18.79E-6,-18.62E-6,-18.45E-6,-22.54E-6,-22.44E-6,-22.32E-6,-22.20E-6,-22.06E-6,-21.92E-6,-21.76E-6,-21.60E-6,-21.44E-6,-21.27E-6,-21.10E-6,-20.92E-6,-20.74E-6,-20.56E-6,-20.39E-6,-20.21E-6,-20.03E-6,-19.85E-6,-19.67E-6,-19.49E-6,-19.31E-6,-19.14E-6,-18.96E-6,-18.79E-6,-18.62E-6,-18.45E-6,-22.54E-6,-22.44E-6,-22.32E-6,-22.20E-6,-22.06E-6,-21.92E-6,-21.76E-6,-21.60E-6,-21.44E-6,-21.27E-6,-21.10E-6,-20.92E-6,-20.74E-6,-20.56E-6,-20.39E-6,-20.21E-6,-20.03E-6,-19.85E-6,-19.67E-6,-19.49E-6,-19.31E-6,-19.14E-6,-18.96E-6,-18.79E-6,-18.62E-6,-18.45E-6,-22.54E-6,-22.44E-6,-22.32E-6,-22.20E-6,-22.06E-6,-21.92E-6,-21.76E-6,-21.60E-6,-21.44E-6,-21.27E-6,-21.10E-6,-20.92E-6,-20.74E-6,-20.56E-6,-20.39E-6,-20.21E-6,-20.03E-6,-19.85E-6,-19.67E-6,-19.49E-6,-19.31E-6,-19.14E-6,-18.96E-6,-18.79E-6,-18.62E-6,-18.45E-6,-22.54E-6,-22.44E-6,-22.32E-6,-22.20E-6,-22.06E-6,-21.92E-6,-21.76E-6,-21.60E-6,-21.44E-6,-21.27E-6,-21.10E-6,-20.92E-6,-20.74E-6,-20.56E-6,-20.39E-6,-20.21E-6,-20.03E-6,-19.85E-6,-19.67E-6,-19.49E-6,-19.31E-6,-19.14E-6,-18.96E-6,-18.79E-6,-18.62E-6,-18.45E-6,-22.54E-6,-22.44E-6,-22.32E-6,-22.20E-6,-22.06E-6,-21.92E-6,-21.76E-6,-21.60E-6,-21.44E-6,-21.27E-6,-21.10E-6,-20.92E-6,-20.74E-6,-20.56E-6,-20.39E-6,-20.21E-6,-20.03E-6,-19.85E-6,-19.67E-6,-19.49E-6,-19.31E-6,-19.14E-6,-18.96E-6,-18.79E-6,-18.62E-6,-18.45E-6
1.600,-23.18E-6,-23.08E-6,-22.97E-6,-22.84E-6,-22.70E-6,-22.55E-6,-22.39E-6,-22.23E-6,-22.06E-6,-21.89E-6,-21.71E-6,-21.53E-6,-21.35E-6,-21.17E-6,-20.98E-6,-20.80E-6,-20.61E-6,-20.43E-6,-20.24E-6,-20.06E-6,-19.88E-6,-19.70E-6,-19.52E-6,-19.34E-6,-19.17E-6,-19.00E-6,-23.18E-6,-23.08E-6,-22.97E-6,-22.84E-6,-22.70E-6,-22.55E-6,-22.39E-6,-22.23E-6,-22.06E-6,-21.89E-6,-21.71E-6,-21.53E-6,-21.35E-6,-21.17E-6,-20.98E-6,-20.80E-6,-20.61E-6,-20.43E-6,-20.24E-6,-20.06E-6,-19.88E-6,-19.70E-6,-19.52E-6,-19.34E-6,-19.17E-6,-19.00E-6,-23.18E-6,-23.08E-6,-22.97E-6,-22.84E-6,-22.70E-6,-22.55E-6,-22.39E-6,-22.23E-6,-22.06E-6,-21.89E-6,-21.71E-6,-21.53E-6,-21.35E-6,-21.17E-6,-20.98E-6,-20.80E-6,-20.61E-6,-20.43E-6,-20.24E-6,-20.06E-6,-19.88E-6,-19.70E-6,-19.52E-6,-19.34E-6,-19.17E-6,-19.00E-6,-23.18E-6,-23.08E-6,-22.97E-6,-22.84E-6,-22.70E-6,-22.55E-6,-22.39E-6,-22.23E-6,-22.06E-6,-21.89E-6,-21.71E-6,-21.53E-6,-21.35E-6,-21.17E-6,-20.98E-6,-20.80E-6,-20.61E-6,-20.43E-6,-20.24E-6,-20.06E-6,-19.88E-6,-19.70E-6,-19.52E-6,-19.34E-6,-19.17E-6,-19.00E-6,-23.18E-6,-23.08E-6,-22.97E-6,-22.84E-6,-22.70E-6,-22.55E-6,-22.39E-6,-22.23E-6,-22.06E-6,-21.89E-6,-21.71E-6,-21.53E-6,-21.35E-6,-21.17E-6,-20.98E-6,-20.80E-6,-20.61E-6,-20.43E-6,-20.24E-6,-20.06E-6,-19.88E-6,-19.70E-6,-19.52E-6,-19.34E-6,-19.17E-6,-19.00E-6,-23.18E-6,-23.08E-6,-22.97E-6,-22.84E-6,-22.70E-6,-22.55E-6,-22.39E-6,-22.23E-6,-22.06E-6,-21.89E-6,-21.71E-6,-21.53E-6,-21.35E-6,-21.17E-6,-20.98E-6,-20.80E-6,-20.61E-6,-20.43E-6,-20.24E-6,-20.06E-6,-19.88E-6,-19.70E-6,-19.52E-6,-19.34E-6,-19.17E-6,-19.00E-6,-23.18E-6,-23.08E-6,-22.97E-6,-22.84E-6,-22.70E-6,-22.55E-6,-22.39E-6,-22.23E-6,-22.06E-6,-21.89E-6,-21.71E-6,-21.53E-6,-21.35E-6,-21.17E-6,-20.98E-6,-20.80E-6,-20.61E-6,-20.43E-6,-20.24E-6,-20.06E-6,-19.88E-6,-19.70E-6,-19.52E-6,-19.34E-6,-19.17E-6,-19.00E-6,-23.18E-6,-23.08E-6,-22.97E-6,-22.84E-6,-22.70E-6,-22.55E-6,-22.39E-6,-22.23E-6,-22.06E-6,-21.89E-6,-21.71E-6,-21.53E-6,-21.35E-6,-21.17E-6,-20.98E-6,-20.80E-6,-20.61E-6,-20.43E-6,-20.24E-6,-20.06E-6,-19.88E-6,-19.70E-6,-19.52E-6,-19.34E-6,-19.17E-6,-19.00E-6
